"Status","Start Time","Stop Time","Duration in ms","Parent Suite","Suite","Sub Suite","Test Class","Test Method","Name","Description"
"passed","Tue Dec 31 13:17:17 GMT 2024","Tue Dec 31 13:17:19 GMT 2024","1618","authorization.tests","SignIn Email","7. Негативные проверки для диапазона","","","en - Негативные проверки для диапазона - Длинна локального имени 65 символов",""
"broken","Tue Dec 31 13:51:39 GMT 2024","Tue Dec 31 13:51:39 GMT 2024","0","authorization.tests","SignUp Password","7. Проверка на обязательность заполнения: оставить первое поле пустым","","","test_check_error_message_with_empty_create_password_field[pt]",""
"broken","Tue Dec 31 13:40:22 GMT 2024","Tue Dec 31 13:40:22 GMT 2024","0","authorization.tests","Reset Password","12. Негативные проверки валидации: Проверка ввода 2х одинаковых невалидных паролей","","","test_check_enter_two_seperate_uncorrect_password[ru-7]",""
"broken","Tue Dec 31 13:41:32 GMT 2024","Tue Dec 31 13:41:32 GMT 2024","0","authorization.tests","Reset Password","13. Позитивные проверки валидации - Проверка ввода 2х одинаковых валидных паролей","","","test_check_enter_two_seperate_correct_password[en-8]",""
"passed","Tue Dec 31 13:16:31 GMT 2024","Tue Dec 31 13:16:33 GMT 2024","2120","authorization.tests","SignIn Email","6. Негативные проверки для набора значений","","","ru - Негативные проверки для набора значений - Дефис в конце доменного имени",""
"broken","Tue Dec 31 13:11:53 GMT 2024","Tue Dec 31 13:12:16 GMT 2024","22481","authorization.tests","SignIn Email","4. Позитивные проверки для диапазона","","","Проверка ввода незарегистрированного в базе email в поле ввода - Длинна локального имени 1 символ",""
"broken","Tue Dec 31 13:08:50 GMT 2024","Tue Dec 31 13:09:13 GMT 2024","22490","authorization.tests","SignIn Email","3. Позитивные проверки для набора значений","","","Проверка ввода незарегистрированного в базе email в поле ввода - Только цифры в доменном имени",""
"broken","Tue Dec 31 13:21:19 GMT 2024","Tue Dec 31 13:21:19 GMT 2024","0","authorization.tests","SignIn Password","3. Проверка наличия ссылки Change email/Alterar email/Изменить электронную почту","","","test_check_change_email_link_on_welcome_page[pt]",""
"broken","Tue Dec 31 13:55:54 GMT 2024","Tue Dec 31 13:55:54 GMT 2024","0","authorization.tests","SignUp Password","11. Негативные проверки валидации: Проверка ввода 2х одинаковых невалидных паролей","","","test_check_enter_two_seperate_uncorrect_password[en-7]",""
"passed","Tue Dec 31 13:16:46 GMT 2024","Tue Dec 31 13:16:47 GMT 2024","1604","authorization.tests","SignIn Email","6. Негативные проверки для набора значений","","","pt - Негативные проверки для набора значений - Пробел в середине строки",""
"broken","Tue Dec 31 13:59:23 GMT 2024","Tue Dec 31 13:59:23 GMT 2024","0","authorization.tests","SignUp Password","12. Позитивные проверки валидации - Проверка ввода 2х одинаковых валидных паролей","","","test_check_enter_two_seperate_correct_password[pt-8]",""
"broken","Tue Dec 31 14:07:09 GMT 2024","Tue Dec 31 14:07:09 GMT 2024","0","authorization.tests","Verification Code","7. При клике по ссылке Click to Resend / Нажмите, чтобы отправить повторно / Clique para reenviar появляется текст Resend Code /                       Повторная отправка кода / Reenviar código em и время отсчёта 60 секунд","","","test_click_resend_link_and_find_timer[en]",""
"passed","Tue Dec 31 13:16:36 GMT 2024","Tue Dec 31 13:16:38 GMT 2024","2097","authorization.tests","SignIn Email","6. Негативные проверки для набора значений","","","pt - Негативные проверки для набора значений - Отсутствие знака @",""
"broken","Tue Dec 31 13:18:35 GMT 2024","Tue Dec 31 13:18:35 GMT 2024","0","authorization.tests","SignIn Password","1. Проверка наличия заголовка Welcome / Добро пожаловать / Bem-vindo","","","test_check_welcome_title[ru]",""
"passed","Tue Dec 31 13:17:13 GMT 2024","Tue Dec 31 13:17:15 GMT 2024","2108","authorization.tests","SignIn Email","6. Негативные проверки для набора значений","","","pt - Негативные проверки для набора значений - Дефис в конце доменного имени",""
"broken","Tue Dec 31 13:02:38 GMT 2024","Tue Dec 31 13:03:00 GMT 2024","22423","authorization.tests","Header","1. Проверка перехода по логотипу на главную страницу лендинга","","","PT  - Проверка перехода по логотипу на главную страницу лендинга",""
"broken","Tue Dec 31 14:06:22 GMT 2024","Tue Dec 31 14:06:22 GMT 2024","0","authorization.tests","Verification Code","6. По истечении 60 секунд появляется текст Didn't receive an email? / Не получили письмо? / Não recebeu o email?                        и ссылки с текстом Click to Resend / Нажмите, чтобы отправить повторно / Clique para reenviar под полями для ввода кода подтверждения","","","test_find_resend_link[ru]",""
"broken","Tue Dec 31 14:10:38 GMT 2024","Tue Dec 31 14:10:38 GMT 2024","0","authorization.tests","Verification Code","10. Проверка ввода 1 или 5 символов в поля ввода кода верификации","","","test_check_no_button_on_the_page[en-1-0]",""
"broken","Tue Dec 31 14:01:46 GMT 2024","Tue Dec 31 14:02:07 GMT 2024","20448","authorization.tests","Verification Code","2. Проверка наличия email, введённого ранее на странице входа","","","ru  - Проверка наличия email, введённого ранее на странице входа",""
"broken","Tue Dec 31 13:04:51 GMT 2024","Tue Dec 31 13:05:14 GMT 2024","23735","authorization.tests","Header","4. Проверка перехода по пункту меню ""FAQ"" на раздел ""FAQ/FAQ/Perguntas frequentes"" главной страницы лендинга","","","RU  - Проверка перехода по пункту меню ""FAQ"" на раздел ""FAQ/FAQ/Perguntas frequentes"" главной страницы лендинга",""
"broken","Tue Dec 31 13:34:32 GMT 2024","Tue Dec 31 13:34:32 GMT 2024","0","authorization.tests","Reset Password","8. Проверка на обязательность заполнения: оставить первое поле пустым","","","test_check_error_message_with_empty_create_password_field[en]",""
"broken","Tue Dec 31 13:39:12 GMT 2024","Tue Dec 31 13:39:12 GMT 2024","0","authorization.tests","Reset Password","12. Негативные проверки валидации: Проверка ввода 2х одинаковых невалидных паролей","","","test_check_enter_two_seperate_uncorrect_password[en-1]",""
"broken","Tue Dec 31 13:03:29 GMT 2024","Tue Dec 31 13:03:53 GMT 2024","23815","authorization.tests","Header","2. Проверка перехода по пункту меню “Create contract/Создание контракта/Criar Contrato“ на раздел Create contract/Создание контракта/Criar Contrato на главной странице лендинга","","","PT  - Проверка перехода по пункту меню “Create contract/Создание контракта/Criar Contrato“ на раздел Create contract/Создание контракта/Criar Contrato на главной странице лендинга",""
"broken","Tue Dec 31 13:48:32 GMT 2024","Tue Dec 31 13:48:32 GMT 2024","0","authorization.tests","SignUp Password","5. Кнопка Продолжить неактивна при незаполненных полях","","","test_check_reset_button_with_empty_fields[en]",""
"broken","Tue Dec 31 13:35:42 GMT 2024","Tue Dec 31 13:35:42 GMT 2024","0","authorization.tests","Reset Password","9. Проверка на обязательность заполнения: оставить второе поле пустым","","","test_check_error_message_with_empty_repeat_password_field[en]",""
"broken","Tue Dec 31 14:00:57 GMT 2024","Tue Dec 31 14:00:57 GMT 2024","0","authorization.tests","Verification Code","1. Проверка наличия заголовка Check Your Email / Проверьте свою почту / Проверьте свою почту","","","test_check_title_on_verification_code_page[pt]",""
"broken","Tue Dec 31 13:42:42 GMT 2024","Tue Dec 31 13:42:42 GMT 2024","0","authorization.tests","Reset Password","13. Позитивные проверки валидации - Проверка ввода 2х одинаковых валидных паролей","","","test_check_enter_two_seperate_correct_password[ru-9]",""
"broken","Tue Dec 31 14:12:11 GMT 2024","Tue Dec 31 14:12:11 GMT 2024","0","authorization.tests","Verification Code","10. Проверка ввода 1 или 5 символов в поля ввода кода верификации","","","test_check_no_button_on_the_page[pt-1-0]",""
"broken","Tue Dec 31 13:22:05 GMT 2024","Tue Dec 31 13:22:05 GMT 2024","0","authorization.tests","SignIn Password","4. Проверка перехода по ссылке Change email/Alterar email/Изменить электронную почту","","","test_click_change_email_link_on_welcome_page[ru]",""
"broken","Tue Dec 31 14:08:42 GMT 2024","Tue Dec 31 14:08:42 GMT 2024","0","authorization.tests","Verification Code","8. Проверка наличия кнопки Verify/Проверить/Verificar при введении кода подтверждения из 6 символов","","","test_check_verify_button[ru]",""
"broken","Tue Dec 31 13:59:47 GMT 2024","Tue Dec 31 13:59:47 GMT 2024","0","authorization.tests","SignUp Password","12. Позитивные проверки валидации - Проверка ввода 2х одинаковых валидных паролей","","","test_check_enter_two_seperate_correct_password[pt-9]",""
"broken","Tue Dec 31 14:11:01 GMT 2024","Tue Dec 31 14:11:01 GMT 2024","0","authorization.tests","Verification Code","10. Проверка ввода 1 или 5 символов в поля ввода кода верификации","","","test_check_no_button_on_the_page[en-5-00000]",""
"broken","Tue Dec 31 13:29:52 GMT 2024","Tue Dec 31 13:29:52 GMT 2024","0","authorization.tests","Reset Password","4. Проверка наличия ссылки Change email/Alterar email/Изменить электронную почту","","","test_check_change_email_link_on_reset_password_page[en]",""
"broken","Tue Dec 31 13:11:07 GMT 2024","Tue Dec 31 13:11:30 GMT 2024","22515","authorization.tests","SignIn Email","3. Позитивные проверки для набора значений","","","Проверка ввода незарегистрированного в базе email в поле ввода - Дефис в середине доменного имени",""
"passed","Tue Dec 31 13:17:32 GMT 2024","Tue Dec 31 13:17:33 GMT 2024","1593","authorization.tests","SignIn Email","7. Негативные проверки для диапазона","","","en - Негативные проверки для диапазона - Длина доменного имени 65 символов",""
"broken","Tue Dec 31 13:19:45 GMT 2024","Tue Dec 31 13:19:45 GMT 2024","0","authorization.tests","SignIn Password","2. Проверка наличия email, введённого ранее на странице входа","","","test_check_email_text_on_welcome_page[ru]",""
"broken","Tue Dec 31 13:26:45 GMT 2024","Tue Dec 31 13:26:45 GMT 2024","0","authorization.tests","Reset Password","1. Проверка перехода по ссылке на страницу восстановления пароля","","","test_go_to_the_reset_password_page[ru]",""
"broken","Tue Dec 31 13:43:53 GMT 2024","Tue Dec 31 13:43:53 GMT 2024","0","authorization.tests","SignUp Password","1. Проверка наличия заголовка Create an Account / Создать аккаунт / Criar conta","","","test_check_title_on_signup_page[en]",""
"broken","Tue Dec 31 13:59:00 GMT 2024","Tue Dec 31 13:59:00 GMT 2024","0","authorization.tests","SignUp Password","12. Позитивные проверки валидации - Проверка ввода 2х одинаковых валидных паролей","","","test_check_enter_two_seperate_correct_password[ru-9]",""
"broken","Tue Dec 31 13:46:59 GMT 2024","Tue Dec 31 13:46:59 GMT 2024","0","authorization.tests","SignUp Password","3. Проверка наличия ссылки Change email/Alterar email/Изменить электронную почту","","","test_check_change_email_link_on_signup_page[pt]",""
"broken","Tue Dec 31 13:09:13 GMT 2024","Tue Dec 31 13:09:35 GMT 2024","22539","authorization.tests","SignIn Email","3. Позитивные проверки для набора значений","","","Проверка ввода незарегистрированного в базе email в поле ввода - Цифры после букв в локальном имени",""
"broken","Tue Dec 31 13:14:10 GMT 2024","Tue Dec 31 13:14:33 GMT 2024","22634","authorization.tests","SignIn Email","4. Позитивные проверки для диапазона","","","Проверка ввода незарегистрированного в базе email в поле ввода - Длина доменного имени 62 символа",""
"broken","Tue Dec 31 13:27:55 GMT 2024","Tue Dec 31 13:27:55 GMT 2024","0","authorization.tests","Reset Password","2. Проверка наличия заголовка Reset Password / Сброс пароля/ Redefinir Senha","","","test_check_title_on_reset_password_page[ru]",""
"broken","Tue Dec 31 13:45:05 GMT 2024","Tue Dec 31 13:45:25 GMT 2024","20426","authorization.tests","SignUp Password","2. Проверка наличия email, введённого ранее на странице входа","","","en  - Проверка наличия email, введённого ранее на странице входа",""
"broken","Tue Dec 31 13:40:46 GMT 2024","Tue Dec 31 13:40:46 GMT 2024","0","authorization.tests","Reset Password","12. Негативные проверки валидации: Проверка ввода 2х одинаковых невалидных паролей","","","test_check_enter_two_seperate_uncorrect_password[pt-1]",""
"broken","Tue Dec 31 14:15:17 GMT 2024","Tue Dec 31 14:15:17 GMT 2024","0","authorization.tests","Verification Code","11. Проверка ввода некорректного кода","","","test_type_incorrect_code_and_check_error_message[pt-6-123456-\u041d\u0435\u043f\u0440\u0430\u0432\u0438\u043b\u044c\u043d\u044b\u0439 \u043a\u043e\u0434 \u043f\u043e\u0434\u0442\u0432\u0435\u0440\u0436\u0434\u0435\u043d\u0438\u044f]",""
"broken","Tue Dec 31 13:57:27 GMT 2024","Tue Dec 31 13:57:27 GMT 2024","0","authorization.tests","SignUp Password","11. Негативные проверки валидации: Проверка ввода 2х одинаковых невалидных паролей","","","test_check_enter_two_seperate_uncorrect_password[pt-7]",""
"broken","Tue Dec 31 13:33:22 GMT 2024","Tue Dec 31 13:33:22 GMT 2024","0","authorization.tests","Reset Password","7. В первом поле Create Password / Создать пароль / Criar senha присутствует плейсхолдер","","","test_check_placeholder_in_enter_password_field[en]",""
"broken","Tue Dec 31 14:09:28 GMT 2024","Tue Dec 31 14:09:28 GMT 2024","0","authorization.tests","Verification Code","9. Проверка ввода корректного кода подтверждения - 6 символов","","","test_enter_correct_verification_code[en]",""
"broken","Tue Dec 31 13:52:25 GMT 2024","Tue Dec 31 13:52:25 GMT 2024","0","authorization.tests","SignUp Password","8. Проверка на обязательность заполнения: оставить второе поле пустым","","","test_check_error_message_with_empty_repeat_password_field[ru]",""
"broken","Tue Dec 31 13:37:39 GMT 2024","Tue Dec 31 13:37:39 GMT 2024","0","authorization.tests","Reset Password","10. Проверка ввода 2х разных валидных паролей","","","test_check_enter_two_different_password[pt]",""
"broken","Tue Dec 31 13:03:58 GMT 2024","Tue Dec 31 13:04:22 GMT 2024","23774","authorization.tests","Header","3. Проверка перехода по пункту меню “Advantages/Преимущества/Vantagens“ на раздел Advantages/Преимущества/Vantagens на главной странице лендинга","","","RU  - Проверка перехода по пункту меню “Advantages/Преимущества/Vantagens“ на раздел Advantages/Преимущества/Vantagens на главной странице лендинга",""
"broken","Tue Dec 31 13:34:55 GMT 2024","Tue Dec 31 13:34:55 GMT 2024","0","authorization.tests","Reset Password","8. Проверка на обязательность заполнения: оставить первое поле пустым","","","test_check_error_message_with_empty_create_password_field[ru]",""
"broken","Tue Dec 31 13:30:39 GMT 2024","Tue Dec 31 13:30:39 GMT 2024","0","authorization.tests","Reset Password","4. Проверка наличия ссылки Change email/Alterar email/Изменить электронную почту","","","test_check_change_email_link_on_reset_password_page[pt]",""
"passed","Tue Dec 31 13:18:04 GMT 2024","Tue Dec 31 13:18:06 GMT 2024","1597","authorization.tests","SignIn Email","7. Негативные проверки для диапазона","","","pt - Негативные проверки для диапазона - Длина доменного имени 64 символа",""
"broken","Tue Dec 31 14:01:23 GMT 2024","Tue Dec 31 14:01:43 GMT 2024","20448","authorization.tests","Verification Code","2. Проверка наличия email, введённого ранее на странице входа","","","en  - Проверка наличия email, введённого ранее на странице входа",""
"broken","Tue Dec 31 13:44:16 GMT 2024","Tue Dec 31 13:44:16 GMT 2024","0","authorization.tests","SignUp Password","1. Проверка наличия заголовка Create an Account / Создать аккаунт / Criar conta","","","test_check_title_on_signup_page[ru]",""
"passed","Tue Dec 31 13:16:13 GMT 2024","Tue Dec 31 13:16:14 GMT 2024","1609","authorization.tests","SignIn Email","6. Негативные проверки для набора значений","","","ru - Негативные проверки для набора значений - Точка в начале локального имени",""
"broken","Tue Dec 31 13:06:54 GMT 2024","Tue Dec 31 13:07:16 GMT 2024","21165","authorization.tests","SignIn Email","2. Проверка ввода незарегистрированного в базе email в поле ввода","","","en  - Проверка ввода незарегистрированного в базе email в поле ввода",""
"broken","Tue Dec 31 13:30:15 GMT 2024","Tue Dec 31 13:30:15 GMT 2024","0","authorization.tests","Reset Password","4. Проверка наличия ссылки Change email/Alterar email/Изменить электронную почту","","","test_check_change_email_link_on_reset_password_page[ru]",""
"broken","Tue Dec 31 13:06:06 GMT 2024","Tue Dec 31 13:06:27 GMT 2024","21191","authorization.tests","SignIn Email","1. Проверка ввода зарегистрированного в базе email в поле ввода","","","ru  - Проверка ввода зарегистрированного в базе email в поле ввода",""
"broken","Tue Dec 31 13:43:29 GMT 2024","Tue Dec 31 13:43:29 GMT 2024","0","authorization.tests","Reset Password","13. Позитивные проверки валидации - Проверка ввода 2х одинаковых валидных паролей","","","test_check_enter_two_seperate_correct_password[pt-9]",""
"passed","Tue Dec 31 13:03:53 GMT 2024","Tue Dec 31 13:03:58 GMT 2024","4729","authorization.tests","Header","3. Проверка перехода по пункту меню “Advantages/Преимущества/Vantagens“ на раздел Advantages/Преимущества/Vantagens на главной странице лендинга","","","EN  - Проверка перехода по пункту меню “Advantages/Преимущества/Vantagens“ на раздел Advantages/Преимущества/Vantagens на главной странице лендинга",""
"passed","Tue Dec 31 13:16:54 GMT 2024","Tue Dec 31 13:16:56 GMT 2024","1599","authorization.tests","SignIn Email","6. Негативные проверки для набора значений","","","pt - Негативные проверки для набора значений - Точка в начале локального имени",""
"broken","Tue Dec 31 13:22:28 GMT 2024","Tue Dec 31 13:22:28 GMT 2024","0","authorization.tests","SignIn Password","4. Проверка перехода по ссылке Change email/Alterar email/Изменить электронную почту","","","test_click_change_email_link_on_welcome_page[pt]",""
"broken","Tue Dec 31 13:57:04 GMT 2024","Tue Dec 31 13:57:04 GMT 2024","0","authorization.tests","SignUp Password","11. Негативные проверки валидации: Проверка ввода 2х одинаковых невалидных паролей","","","test_check_enter_two_seperate_uncorrect_password[pt-1]",""
"passed","Tue Dec 31 13:16:02 GMT 2024","Tue Dec 31 13:16:04 GMT 2024","2106","authorization.tests","SignIn Email","6. Негативные проверки для набора значений","","","ru - Негативные проверки для набора значений - Пробел в середине строки",""
"passed","Tue Dec 31 13:16:17 GMT 2024","Tue Dec 31 13:16:18 GMT 2024","1601","authorization.tests","SignIn Email","6. Негативные проверки для набора значений","","","ru - Негативные проверки для набора значений - Точка в конце локального имени",""
"broken","Tue Dec 31 13:24:01 GMT 2024","Tue Dec 31 13:24:01 GMT 2024","0","authorization.tests","SignIn Password","6. Проверка ввода пароля, отличного от указанного при успешной регистрации в поле ввода","","","test_enter_unregistered_password[en]",""
"passed","Tue Dec 31 13:17:50 GMT 2024","Tue Dec 31 13:17:52 GMT 2024","2131","authorization.tests","SignIn Email","7. Негативные проверки для диапазона","","","ru - Негативные проверки для диапазона - Длина доменного имени 65 символов",""
"broken","Tue Dec 31 13:11:30 GMT 2024","Tue Dec 31 13:11:53 GMT 2024","22549","authorization.tests","SignIn Email","3. Позитивные проверки для набора значений","","","Проверка ввода незарегистрированного в базе email в поле ввода - Кириллица в доменном имени",""
"broken","Tue Dec 31 13:25:57 GMT 2024","Tue Dec 31 13:25:57 GMT 2024","0","authorization.tests","SignIn Password","7. Проверка: Оставить поле пустым","","","test_empty_password_field[pt]",""
"passed","Tue Dec 31 13:16:59 GMT 2024","Tue Dec 31 13:17:01 GMT 2024","1610","authorization.tests","SignIn Email","6. Негативные проверки для набора значений","","","pt - Негативные проверки для набора значений - Точка в конце локального имени",""
"passed","Tue Dec 31 13:17:03 GMT 2024","Tue Dec 31 13:17:06 GMT 2024","2072","authorization.tests","SignIn Email","6. Негативные проверки для набора значений","","","pt - Негативные проверки для набора значений - Отсутствие доменного имени",""
"passed","Tue Dec 31 13:16:07 GMT 2024","Tue Dec 31 13:16:09 GMT 2024","2091","authorization.tests","SignIn Email","6. Негативные проверки для набора значений","","","ru - Негативные проверки для набора значений - Отсутствие локального имени",""
"broken","Tue Dec 31 13:54:44 GMT 2024","Tue Dec 31 13:54:44 GMT 2024","0","authorization.tests","SignUp Password","10. Проверка ввода 2х одинаковых валидных паролей, но в разном регистре","","","test_check_enter_two_seperate_password_in_different_register[ru]",""
"broken","Tue Dec 31 13:23:15 GMT 2024","Tue Dec 31 13:23:15 GMT 2024","0","authorization.tests","SignIn Password","5. Проверка ввода пароля для зарегистрированного в базе пользователя в поле ввода","","","test_enter_registered_password[ru]",""
"broken","Tue Dec 31 13:12:39 GMT 2024","Tue Dec 31 13:13:01 GMT 2024","22643","authorization.tests","SignIn Email","4. Позитивные проверки для диапазона","","","Проверка ввода незарегистрированного в базе email в поле ввода - Длинна локального имени 63 символа",""
"broken","Tue Dec 31 13:13:25 GMT 2024","Tue Dec 31 13:13:47 GMT 2024","22481","authorization.tests","SignIn Email","4. Позитивные проверки для диапазона","","","Проверка ввода незарегистрированного в базе email в поле ввода - Длина доменного имени 1 символ",""
"passed","Tue Dec 31 13:15:03 GMT 2024","Tue Dec 31 13:15:04 GMT 2024","1619","authorization.tests","SignIn Email","5. Негативные проверки: Пустое поле","","","ru  - Негативные проверки: Пустое поле",""
"broken","Tue Dec 31 13:25:11 GMT 2024","Tue Dec 31 13:25:11 GMT 2024","0","authorization.tests","SignIn Password","7. Проверка: Оставить поле пустым","","","test_empty_password_field[en]",""
"broken","Tue Dec 31 14:07:55 GMT 2024","Tue Dec 31 14:07:55 GMT 2024","0","authorization.tests","Verification Code","7. При клике по ссылке Click to Resend / Нажмите, чтобы отправить повторно / Clique para reenviar появляется текст Resend Code /                       Повторная отправка кода / Reenviar código em и время отсчёта 60 секунд","","","test_click_resend_link_and_find_timer[pt]",""
"broken","Tue Dec 31 14:07:32 GMT 2024","Tue Dec 31 14:07:32 GMT 2024","0","authorization.tests","Verification Code","7. При клике по ссылке Click to Resend / Нажмите, чтобы отправить повторно / Clique para reenviar появляется текст Resend Code /                       Повторная отправка кода / Reenviar código em и время отсчёта 60 секунд","","","test_click_resend_link_and_find_timer[ru]",""
"broken","Tue Dec 31 13:03:05 GMT 2024","Tue Dec 31 13:03:29 GMT 2024","23749","authorization.tests","Header","2. Проверка перехода по пункту меню “Create contract/Создание контракта/Criar Contrato“ на раздел Create contract/Создание контракта/Criar Contrato на главной странице лендинга","","","RU  - Проверка перехода по пункту меню “Create contract/Создание контракта/Criar Contrato“ на раздел Create contract/Создание контракта/Criar Contrato на главной странице лендинга",""
"broken","Tue Dec 31 13:45:28 GMT 2024","Tue Dec 31 13:45:48 GMT 2024","20438","authorization.tests","SignUp Password","2. Проверка наличия email, введённого ранее на странице входа","","","ru  - Проверка наличия email, введённого ранее на странице входа",""
"broken","Tue Dec 31 13:32:35 GMT 2024","Tue Dec 31 13:32:35 GMT 2024","0","authorization.tests","Reset Password","6. Кнопка сброса пароля неактивна при незаполненных полях","","","test_check_reset_button_with_empty_fields[ru]",""
"broken","Tue Dec 31 13:38:26 GMT 2024","Tue Dec 31 13:38:26 GMT 2024","0","authorization.tests","Reset Password","11. Проверка ввода 2х одинаковых валидных паролей, но в разном регистре","","","test_check_enter_two_seperate_password_in_different_register[ru]",""
"broken","Tue Dec 31 13:31:26 GMT 2024","Tue Dec 31 13:31:26 GMT 2024","0","authorization.tests","Reset Password","5. Проверка перехода по ссылке Change email/Alterar email/Изменить электронную почту","","","test_click_change_email_link_on_reset_password_page[ru]",""
"broken","Tue Dec 31 13:13:48 GMT 2024","Tue Dec 31 13:14:10 GMT 2024","22507","authorization.tests","SignIn Email","4. Позитивные проверки для диапазона","","","Проверка ввода незарегистрированного в базе email в поле ввода - Длина доменного имени 2 символа",""
"broken","Tue Dec 31 13:07:43 GMT 2024","Tue Dec 31 13:08:04 GMT 2024","21182","authorization.tests","SignIn Email","2. Проверка ввода незарегистрированного в базе email в поле ввода","","","pt  - Проверка ввода незарегистрированного в базе email в поле ввода",""
"broken","Tue Dec 31 13:21:42 GMT 2024","Tue Dec 31 13:21:42 GMT 2024","0","authorization.tests","SignIn Password","4. Проверка перехода по ссылке Change email/Alterar email/Изменить электронную почту","","","test_click_change_email_link_on_welcome_page[en]",""
"broken","Tue Dec 31 13:41:09 GMT 2024","Tue Dec 31 13:41:09 GMT 2024","0","authorization.tests","Reset Password","12. Негативные проверки валидации: Проверка ввода 2х одинаковых невалидных паролей","","","test_check_enter_two_seperate_uncorrect_password[pt-7]",""
"passed","Tue Dec 31 13:15:21 GMT 2024","Tue Dec 31 13:15:22 GMT 2024","1588","authorization.tests","SignIn Email","6. Негативные проверки для набора значений","","","en - Негативные проверки для набора значений - Пробел в середине строки",""
"broken","Tue Dec 31 13:39:35 GMT 2024","Tue Dec 31 13:39:35 GMT 2024","0","authorization.tests","Reset Password","12. Негативные проверки валидации: Проверка ввода 2х одинаковых невалидных паролей","","","test_check_enter_two_seperate_uncorrect_password[en-7]",""
"broken","Tue Dec 31 13:04:22 GMT 2024","Tue Dec 31 13:04:46 GMT 2024","23806","authorization.tests","Header","3. Проверка перехода по пункту меню “Advantages/Преимущества/Vantagens“ на раздел Advantages/Преимущества/Vantagens на главной странице лендинга","","","PT  - Проверка перехода по пункту меню “Advantages/Преимущества/Vantagens“ на раздел Advantages/Преимущества/Vantagens на главной странице лендинга",""
"broken","Tue Dec 31 13:50:52 GMT 2024","Tue Dec 31 13:50:52 GMT 2024","0","authorization.tests","SignUp Password","7. Проверка на обязательность заполнения: оставить первое поле пустым","","","test_check_error_message_with_empty_create_password_field[en]",""
"broken","Tue Dec 31 14:10:15 GMT 2024","Tue Dec 31 14:10:15 GMT 2024","0","authorization.tests","Verification Code","9. Проверка ввода корректного кода подтверждения - 6 символов","","","test_enter_correct_verification_code[pt]",""
"broken","Tue Dec 31 13:27:32 GMT 2024","Tue Dec 31 13:27:32 GMT 2024","0","authorization.tests","Reset Password","2. Проверка наличия заголовка Reset Password / Сброс пароля/ Redefinir Senha","","","test_check_title_on_reset_password_page[en]",""
"broken","Tue Dec 31 13:33:45 GMT 2024","Tue Dec 31 13:33:45 GMT 2024","0","authorization.tests","Reset Password","7. В первом поле Create Password / Создать пароль / Criar senha присутствует плейсхолдер","","","test_check_placeholder_in_enter_password_field[ru]",""
"broken","Tue Dec 31 13:24:48 GMT 2024","Tue Dec 31 13:24:48 GMT 2024","0","authorization.tests","SignIn Password","6. Проверка ввода пароля, отличного от указанного при успешной регистрации в поле ввода","","","test_enter_unregistered_password[pt]",""
"broken","Tue Dec 31 13:49:19 GMT 2024","Tue Dec 31 13:49:19 GMT 2024","0","authorization.tests","SignUp Password","5. Кнопка Продолжить неактивна при незаполненных полях","","","test_check_reset_button_with_empty_fields[pt]",""
"broken","Tue Dec 31 13:45:52 GMT 2024","Tue Dec 31 13:46:12 GMT 2024","20430","authorization.tests","SignUp Password","2. Проверка наличия email, введённого ранее на странице входа","","","pt  - Проверка наличия email, введённого ранее на странице входа",""
"broken","Tue Dec 31 13:02:15 GMT 2024","Tue Dec 31 13:02:37 GMT 2024","22436","authorization.tests","Header","1. Проверка перехода по логотипу на главную страницу лендинга","","","RU  - Проверка перехода по логотипу на главную страницу лендинга",""
"broken","Tue Dec 31 13:18:12 GMT 2024","Tue Dec 31 13:18:12 GMT 2024","0","authorization.tests","SignIn Password","1. Проверка наличия заголовка Welcome / Добро пожаловать / Bem-vindo","","","test_check_welcome_title[en]",""
"broken","Tue Dec 31 14:13:44 GMT 2024","Tue Dec 31 14:13:44 GMT 2024","0","authorization.tests","Verification Code","11. Проверка ввода некорректного кода","","","test_type_incorrect_code_and_check_error_message[en-6-!@#$%&-\u0412\u0432\u043e\u0434 \u0441\u043f\u0435\u0446\u0441\u0438\u0432\u043e\u043b\u043e\u0432]",""
"passed","Tue Dec 31 13:17:41 GMT 2024","Tue Dec 31 13:17:43 GMT 2024","2124","authorization.tests","SignIn Email","7. Негативные проверки для диапазона","","","ru - Негативные проверки для диапазона - Длинна локального имени 66 символов",""
"broken","Tue Dec 31 13:52:02 GMT 2024","Tue Dec 31 13:52:02 GMT 2024","0","authorization.tests","SignUp Password","8. Проверка на обязательность заполнения: оставить второе поле пустым","","","test_check_error_message_with_empty_repeat_password_field[en]",""
"broken","Tue Dec 31 14:14:07 GMT 2024","Tue Dec 31 14:14:07 GMT 2024","0","authorization.tests","Verification Code","11. Проверка ввода некорректного кода","","","test_type_incorrect_code_and_check_error_message[ru-6-123456-\u041d\u0435\u043f\u0440\u0430\u0432\u0438\u043b\u044c\u043d\u044b\u0439 \u043a\u043e\u0434 \u043f\u043e\u0434\u0442\u0432\u0435\u0440\u0436\u0434\u0435\u043d\u0438\u044f]",""
"broken","Tue Dec 31 14:03:40 GMT 2024","Tue Dec 31 14:03:40 GMT 2024","0","authorization.tests","Verification Code","4. Проверка перехода по ссылке Change email/Alterar email/Изменить электронную почту","","","test_click_change_email_link_on_verification_code_page[en]",""
"broken","Tue Dec 31 13:50:28 GMT 2024","Tue Dec 31 13:50:28 GMT 2024","0","authorization.tests","SignUp Password","6. В первом поле Create Password / Создать пароль / Criar senha присутствует плейсхолдер","","","test_check_placeholder_in_enter_password_field[pt]",""
"passed","Tue Dec 31 13:17:36 GMT 2024","Tue Dec 31 13:17:38 GMT 2024","1611","authorization.tests","SignIn Email","7. Негативные проверки для диапазона","","","ru - Негативные проверки для диапазона - Длинна локального имени 65 символов",""
"broken","Tue Dec 31 13:06:30 GMT 2024","Tue Dec 31 13:06:52 GMT 2024","21696","authorization.tests","SignIn Email","1. Проверка ввода зарегистрированного в базе email в поле ввода","","","pt  - Проверка ввода зарегистрированного в базе email в поле ввода",""
"broken","Tue Dec 31 13:10:44 GMT 2024","Tue Dec 31 13:11:07 GMT 2024","22573","authorization.tests","SignIn Email","3. Позитивные проверки для набора значений","","","Проверка ввода незарегистрированного в базе email в поле ввода - Цифры до букв в доменном имени",""
"broken","Tue Dec 31 14:09:05 GMT 2024","Tue Dec 31 14:09:05 GMT 2024","0","authorization.tests","Verification Code","8. Проверка наличия кнопки Verify/Проверить/Verificar при введении кода подтверждения из 6 символов","","","test_check_verify_button[pt]",""
"broken","Tue Dec 31 13:28:19 GMT 2024","Tue Dec 31 13:28:19 GMT 2024","0","authorization.tests","Reset Password","2. Проверка наличия заголовка Reset Password / Сброс пароля/ Redefinir Senha","","","test_check_title_on_reset_password_page[pt]",""
"broken","Tue Dec 31 14:06:46 GMT 2024","Tue Dec 31 14:06:46 GMT 2024","0","authorization.tests","Verification Code","6. По истечении 60 секунд появляется текст Didn't receive an email? / Не получили письмо? / Não recebeu o email?                        и ссылки с текстом Click to Resend / Нажмите, чтобы отправить повторно / Clique para reenviar под полями для ввода кода подтверждения","","","test_find_resend_link[pt]",""
"broken","Tue Dec 31 13:14:33 GMT 2024","Tue Dec 31 13:14:56 GMT 2024","22677","authorization.tests","SignIn Email","4. Позитивные проверки для диапазона","","","Проверка ввода незарегистрированного в базе email в поле ввода - Длина доменного имени 63 символа",""
"broken","Tue Dec 31 14:04:50 GMT 2024","Tue Dec 31 14:04:50 GMT 2024","0","authorization.tests","Verification Code","5. Наличие на странице текста Resend Code / Повторная отправка кода / Reenviar código em и таймера 60 секунд","","","test_timer_60_sec[en]",""
"broken","Tue Dec 31 14:16:04 GMT 2024","Tue Dec 31 14:16:04 GMT 2024","0","authorization.tests","Verification Code","11. Проверка ввода некорректного кода","","","test_type_incorrect_code_and_check_error_message[pt-6-!@#$%&-\u0412\u0432\u043e\u0434 \u0441\u043f\u0435\u0446\u0441\u0438\u0432\u043e\u043b\u043e\u0432]",""
"passed","Tue Dec 31 13:15:16 GMT 2024","Tue Dec 31 13:15:18 GMT 2024","2123","authorization.tests","SignIn Email","6. Негативные проверки для набора значений","","","en - Негативные проверки для набора значений - Несколько @@",""
"broken","Tue Dec 31 14:13:21 GMT 2024","Tue Dec 31 14:13:21 GMT 2024","0","authorization.tests","Verification Code","11. Проверка ввода некорректного кода","","","test_type_incorrect_code_and_check_error_message[en-6-abcdef-\u0412\u0432\u043e\u0434 \u0441\u0438\u043c\u0432\u043e\u043b\u043e\u0432]",""
"broken","Tue Dec 31 14:12:58 GMT 2024","Tue Dec 31 14:12:58 GMT 2024","0","authorization.tests","Verification Code","11. Проверка ввода некорректного кода","","","test_type_incorrect_code_and_check_error_message[en-6-123456-\u041d\u0435\u043f\u0440\u0430\u0432\u0438\u043b\u044c\u043d\u044b\u0439 \u043a\u043e\u0434 \u043f\u043e\u0434\u0442\u0432\u0435\u0440\u0436\u0434\u0435\u043d\u0438\u044f]",""
"broken","Tue Dec 31 13:23:38 GMT 2024","Tue Dec 31 13:23:38 GMT 2024","0","authorization.tests","SignIn Password","5. Проверка ввода пароля для зарегистрированного в базе пользователя в поле ввода","","","test_enter_registered_password[pt]",""
"broken","Tue Dec 31 13:49:42 GMT 2024","Tue Dec 31 13:49:42 GMT 2024","0","authorization.tests","SignUp Password","6. В первом поле Create Password / Создать пароль / Criar senha присутствует плейсхолдер","","","test_check_placeholder_in_enter_password_field[en]",""
"broken","Tue Dec 31 13:37:16 GMT 2024","Tue Dec 31 13:37:16 GMT 2024","0","authorization.tests","Reset Password","10. Проверка ввода 2х разных валидных паролей","","","test_check_enter_two_different_password[ru]",""
"broken","Tue Dec 31 13:12:16 GMT 2024","Tue Dec 31 13:12:38 GMT 2024","22533","authorization.tests","SignIn Email","4. Позитивные проверки для диапазона","","","Проверка ввода незарегистрированного в базе email в поле ввода - Длинна локального имени 2 символа",""
"passed","Tue Dec 31 13:04:46 GMT 2024","Tue Dec 31 13:04:50 GMT 2024","3795","authorization.tests","Header","4. Проверка перехода по пункту меню ""FAQ"" на раздел ""FAQ/FAQ/Perguntas frequentes"" главной страницы лендинга","","","EN  - Проверка перехода по пункту меню ""FAQ"" на раздел ""FAQ/FAQ/Perguntas frequentes"" главной страницы лендинга",""
"broken","Tue Dec 31 13:07:18 GMT 2024","Tue Dec 31 13:07:39 GMT 2024","21160","authorization.tests","SignIn Email","2. Проверка ввода незарегистрированного в базе email в поле ввода","","","ru  - Проверка ввода незарегистрированного в базе email в поле ввода",""
"broken","Tue Dec 31 14:00:34 GMT 2024","Tue Dec 31 14:00:34 GMT 2024","0","authorization.tests","Verification Code","1. Проверка наличия заголовка Check Your Email / Проверьте свою почту / Проверьте свою почту","","","test_check_title_on_verification_code_page[ru]",""
"broken","Tue Dec 31 13:32:12 GMT 2024","Tue Dec 31 13:32:12 GMT 2024","0","authorization.tests","Reset Password","6. Кнопка сброса пароля неактивна при незаполненных полях","","","test_check_reset_button_with_empty_fields[en]",""
"passed","Tue Dec 31 13:15:58 GMT 2024","Tue Dec 31 13:15:59 GMT 2024","1620","authorization.tests","SignIn Email","6. Негативные проверки для набора значений","","","ru - Негативные проверки для набора значений - Несколько @@",""
"broken","Tue Dec 31 13:39:59 GMT 2024","Tue Dec 31 13:39:59 GMT 2024","0","authorization.tests","Reset Password","12. Негативные проверки валидации: Проверка ввода 2х одинаковых невалидных паролей","","","test_check_enter_two_seperate_uncorrect_password[ru-1]",""
"passed","Tue Dec 31 13:03:00 GMT 2024","Tue Dec 31 13:03:04 GMT 2024","3970","authorization.tests","Header","2. Проверка перехода по пункту меню “Create contract/Создание контракта/Criar Contrato“ на раздел Create contract/Создание контракта/Criar Contrato на главной странице лендинга","","","EN  - Проверка перехода по пункту меню “Create contract/Создание контракта/Criar Contrato“ на раздел Create contract/Создание контракта/Criar Contrato на главной странице лендинга",""
"broken","Tue Dec 31 14:04:27 GMT 2024","Tue Dec 31 14:04:27 GMT 2024","0","authorization.tests","Verification Code","4. Проверка перехода по ссылке Change email/Alterar email/Изменить электронную почту","","","test_click_change_email_link_on_verification_code_page[pt]",""
"broken","Tue Dec 31 13:10:22 GMT 2024","Tue Dec 31 13:10:44 GMT 2024","22505","authorization.tests","SignIn Email","3. Позитивные проверки для набора значений","","","Проверка ввода незарегистрированного в базе email в поле ввода - Цифры после букв в доменном имени",""
"broken","Tue Dec 31 13:28:42 GMT 2024","Tue Dec 31 13:28:42 GMT 2024","0","authorization.tests","Reset Password","3. Проверка наличия email, введённого ранее на странице входа","","","test_check_email_text_on_reset_password_page[en]",""
"broken","Tue Dec 31 13:48:09 GMT 2024","Tue Dec 31 13:48:09 GMT 2024","0","authorization.tests","SignUp Password","4. Проверка перехода по ссылке Change email/Alterar email/Изменить электронную почту","","","test_click_change_email_link_on_signup_page[pt]",""
"broken","Tue Dec 31 13:38:49 GMT 2024","Tue Dec 31 13:38:49 GMT 2024","0","authorization.tests","Reset Password","11. Проверка ввода 2х одинаковых валидных паролей, но в разном регистре","","","test_check_enter_two_seperate_password_in_different_register[pt]",""
"broken","Tue Dec 31 13:44:39 GMT 2024","Tue Dec 31 13:44:39 GMT 2024","0","authorization.tests","SignUp Password","1. Проверка наличия заголовка Create an Account / Создать аккаунт / Criar conta","","","test_check_title_on_signup_page[pt]",""
"broken","Tue Dec 31 13:51:15 GMT 2024","Tue Dec 31 13:51:15 GMT 2024","0","authorization.tests","SignUp Password","7. Проверка на обязательность заполнения: оставить первое поле пустым","","","test_check_error_message_with_empty_create_password_field[ru]",""
"broken","Tue Dec 31 13:53:35 GMT 2024","Tue Dec 31 13:53:35 GMT 2024","0","authorization.tests","SignUp Password","9. Проверка ввода 2х разных валидных паролей","","","test_check_enter_two_different_password[ru]",""
"broken","Tue Dec 31 14:03:16 GMT 2024","Tue Dec 31 14:03:16 GMT 2024","0","authorization.tests","Verification Code","3. Проверка наличия ссылки Change email/Alterar email/Изменить электронную почту","","","test_check_change_email_link_on_verification_code_page[pt]",""
"broken","Tue Dec 31 13:52:48 GMT 2024","Tue Dec 31 13:52:48 GMT 2024","0","authorization.tests","SignUp Password","8. Проверка на обязательность заполнения: оставить второе поле пустым","","","test_check_error_message_with_empty_repeat_password_field[pt]",""
"broken","Tue Dec 31 13:29:29 GMT 2024","Tue Dec 31 13:29:29 GMT 2024","0","authorization.tests","Reset Password","3. Проверка наличия email, введённого ранее на странице входа","","","test_check_email_text_on_reset_password_page[pt]",""
"passed","Tue Dec 31 13:16:41 GMT 2024","Tue Dec 31 13:16:43 GMT 2024","2131","authorization.tests","SignIn Email","6. Негативные проверки для набора значений","","","pt - Негативные проверки для набора значений - Несколько @@",""
"broken","Tue Dec 31 13:53:11 GMT 2024","Tue Dec 31 13:53:11 GMT 2024","0","authorization.tests","SignUp Password","9. Проверка ввода 2х разных валидных паролей","","","test_check_enter_two_different_password[en]",""
"broken","Tue Dec 31 14:12:34 GMT 2024","Tue Dec 31 14:12:34 GMT 2024","0","authorization.tests","Verification Code","10. Проверка ввода 1 или 5 символов в поля ввода кода верификации","","","test_check_no_button_on_the_page[pt-5-00000]",""
"broken","Tue Dec 31 14:02:09 GMT 2024","Tue Dec 31 14:02:30 GMT 2024","20448","authorization.tests","Verification Code","2. Проверка наличия email, введённого ранее на странице входа","","","pt  - Проверка наличия email, введённого ранее на странице входа",""
"broken","Tue Dec 31 13:55:31 GMT 2024","Tue Dec 31 13:55:31 GMT 2024","0","authorization.tests","SignUp Password","11. Негативные проверки валидации: Проверка ввода 2х одинаковых невалидных паролей","","","test_check_enter_two_seperate_uncorrect_password[en-1]",""
"broken","Tue Dec 31 13:55:07 GMT 2024","Tue Dec 31 13:55:07 GMT 2024","0","authorization.tests","SignUp Password","10. Проверка ввода 2х одинаковых валидных паролей, но в разном регистре","","","test_check_enter_two_seperate_password_in_different_register[pt]",""
"broken","Tue Dec 31 13:29:05 GMT 2024","Tue Dec 31 13:29:05 GMT 2024","0","authorization.tests","Reset Password","3. Проверка наличия email, введённого ранее на странице входа","","","test_check_email_text_on_reset_password_page[ru]",""
"broken","Tue Dec 31 14:00:11 GMT 2024","Tue Dec 31 14:00:11 GMT 2024","0","authorization.tests","Verification Code","1. Проверка наличия заголовка Check Your Email / Проверьте свою почту / Проверьте свою почту","","","test_check_title_on_verification_code_page[en]",""
"broken","Tue Dec 31 13:53:58 GMT 2024","Tue Dec 31 13:53:58 GMT 2024","0","authorization.tests","SignUp Password","9. Проверка ввода 2х разных валидных паролей","","","test_check_enter_two_different_password[pt]",""
"passed","Tue Dec 31 13:15:44 GMT 2024","Tue Dec 31 13:15:46 GMT 2024","2104","authorization.tests","SignIn Email","6. Негативные проверки для набора значений","","","en - Негативные проверки для набора значений - Дефис в начале доменного имени",""
"broken","Tue Dec 31 13:27:08 GMT 2024","Tue Dec 31 13:27:08 GMT 2024","0","authorization.tests","Reset Password","1. Проверка перехода по ссылке на страницу восстановления пароля","","","test_go_to_the_reset_password_page[pt]",""
"broken","Tue Dec 31 14:09:52 GMT 2024","Tue Dec 31 14:09:52 GMT 2024","0","authorization.tests","Verification Code","9. Проверка ввода корректного кода подтверждения - 6 символов","","","test_enter_correct_verification_code[ru]",""
"broken","Tue Dec 31 13:05:42 GMT 2024","Tue Dec 31 13:06:03 GMT 2024","21688","authorization.tests","SignIn Email","1. Проверка ввода зарегистрированного в базе email в поле ввода","","","en  - Проверка ввода зарегистрированного в базе email в поле ввода",""
"broken","Tue Dec 31 14:05:59 GMT 2024","Tue Dec 31 14:05:59 GMT 2024","0","authorization.tests","Verification Code","6. По истечении 60 секунд появляется текст Didn't receive an email? / Не получили письмо? / Não recebeu o email?                        и ссылки с текстом Click to Resend / Нажмите, чтобы отправить повторно / Clique para reenviar под полями для ввода кода подтверждения","","","test_find_resend_link[en]",""
"broken","Tue Dec 31 13:46:36 GMT 2024","Tue Dec 31 13:46:36 GMT 2024","0","authorization.tests","SignUp Password","3. Проверка наличия ссылки Change email/Alterar email/Изменить электронную почту","","","test_check_change_email_link_on_signup_page[ru]",""
"broken","Tue Dec 31 14:04:03 GMT 2024","Tue Dec 31 14:04:03 GMT 2024","0","authorization.tests","Verification Code","4. Проверка перехода по ссылке Change email/Alterar email/Изменить электронную почту","","","test_click_change_email_link_on_verification_code_page[ru]",""
"passed","Tue Dec 31 13:17:46 GMT 2024","Tue Dec 31 13:17:47 GMT 2024","1613","authorization.tests","SignIn Email","7. Негативные проверки для диапазона","","","ru - Негативные проверки для диапазона - Длина доменного имени 64 символа",""
"broken","Tue Dec 31 13:56:41 GMT 2024","Tue Dec 31 13:56:41 GMT 2024","0","authorization.tests","SignUp Password","11. Негативные проверки валидации: Проверка ввода 2х одинаковых невалидных паролей","","","test_check_enter_two_seperate_uncorrect_password[ru-7]",""
"broken","Tue Dec 31 13:25:34 GMT 2024","Tue Dec 31 13:25:34 GMT 2024","0","authorization.tests","SignIn Password","7. Проверка: Оставить поле пустым","","","test_empty_password_field[ru]",""
"broken","Tue Dec 31 13:08:04 GMT 2024","Tue Dec 31 13:08:27 GMT 2024","22500","authorization.tests","SignIn Email","3. Позитивные проверки для набора значений","","","Проверка ввода незарегистрированного в базе email в поле ввода - Только цифры в локальном имени",""
"passed","Tue Dec 31 13:15:11 GMT 2024","Tue Dec 31 13:15:13 GMT 2024","2098","authorization.tests","SignIn Email","6. Негативные проверки для набора значений","","","en - Негативные проверки для набора значений - Отсутствие знака @",""
"broken","Tue Dec 31 13:20:32 GMT 2024","Tue Dec 31 13:20:32 GMT 2024","0","authorization.tests","SignIn Password","3. Проверка наличия ссылки Change email/Alterar email/Изменить электронную почту","","","test_check_change_email_link_on_welcome_page[en]",""
"passed","Tue Dec 31 13:17:08 GMT 2024","Tue Dec 31 13:17:10 GMT 2024","1606","authorization.tests","SignIn Email","6. Негативные проверки для набора значений","","","pt - Негативные проверки для набора значений - Дефис в начале доменного имени",""
"broken","Tue Dec 31 13:09:59 GMT 2024","Tue Dec 31 13:10:21 GMT 2024","22566","authorization.tests","SignIn Email","3. Позитивные проверки для набора значений","","","Проверка ввода незарегистрированного в базе email в поле ввода - Спецсимволы в локальном имени",""
"broken","Tue Dec 31 14:11:48 GMT 2024","Tue Dec 31 14:11:48 GMT 2024","0","authorization.tests","Verification Code","10. Проверка ввода 1 или 5 символов в поля ввода кода верификации","","","test_check_no_button_on_the_page[ru-5-00000]",""
"broken","Tue Dec 31 13:54:21 GMT 2024","Tue Dec 31 13:54:21 GMT 2024","0","authorization.tests","SignUp Password","10. Проверка ввода 2х одинаковых валидных паролей, но в разном регистре","","","test_check_enter_two_seperate_password_in_different_register[en]",""
"broken","Tue Dec 31 13:26:21 GMT 2024","Tue Dec 31 13:26:21 GMT 2024","0","authorization.tests","Reset Password","1. Проверка перехода по ссылке на страницу восстановления пароля","","","test_go_to_the_reset_password_page[en]",""
"broken","Tue Dec 31 13:50:05 GMT 2024","Tue Dec 31 13:50:05 GMT 2024","0","authorization.tests","SignUp Password","6. В первом поле Create Password / Создать пароль / Criar senha присутствует плейсхолдер","","","test_check_placeholder_in_enter_password_field[ru]",""
"broken","Tue Dec 31 14:14:54 GMT 2024","Tue Dec 31 14:14:54 GMT 2024","0","authorization.tests","Verification Code","11. Проверка ввода некорректного кода","","","test_type_incorrect_code_and_check_error_message[ru-6-!@#$%&-\u0412\u0432\u043e\u0434 \u0441\u043f\u0435\u0446\u0441\u0438\u0432\u043e\u043b\u043e\u0432]",""
"passed","Tue Dec 31 13:17:22 GMT 2024","Tue Dec 31 13:17:24 GMT 2024","2123","authorization.tests","SignIn Email","7. Негативные проверки для диапазона","","","en - Негативные проверки для диапазона - Длинна локального имени 66 символов",""
"passed","Tue Dec 31 13:15:25 GMT 2024","Tue Dec 31 13:15:26 GMT 2024","1578","authorization.tests","SignIn Email","6. Негативные проверки для набора значений","","","en - Негативные проверки для набора значений - Отсутствие локального имени",""
"broken","Tue Dec 31 13:57:51 GMT 2024","Tue Dec 31 13:57:51 GMT 2024","0","authorization.tests","SignUp Password","12. Позитивные проверки валидации - Проверка ввода 2х одинаковых валидных паролей","","","test_check_enter_two_seperate_correct_password[en-8]",""
"broken","Tue Dec 31 13:32:59 GMT 2024","Tue Dec 31 13:32:59 GMT 2024","0","authorization.tests","Reset Password","6. Кнопка сброса пароля неактивна при незаполненных полях","","","test_check_reset_button_with_empty_fields[pt]",""
"broken","Tue Dec 31 13:20:09 GMT 2024","Tue Dec 31 13:20:09 GMT 2024","0","authorization.tests","SignIn Password","2. Проверка наличия email, введённого ранее на странице входа","","","test_check_email_text_on_welcome_page[pt]",""
"broken","Tue Dec 31 13:48:56 GMT 2024","Tue Dec 31 13:48:56 GMT 2024","0","authorization.tests","SignUp Password","5. Кнопка Продолжить неактивна при незаполненных полях","","","test_check_reset_button_with_empty_fields[ru]",""
"passed","Tue Dec 31 13:16:22 GMT 2024","Tue Dec 31 13:16:24 GMT 2024","2081","authorization.tests","SignIn Email","6. Негативные проверки для набора значений","","","ru - Негативные проверки для набора значений - Отсутствие доменного имени",""
"broken","Tue Dec 31 13:47:46 GMT 2024","Tue Dec 31 13:47:46 GMT 2024","0","authorization.tests","SignUp Password","4. Проверка перехода по ссылке Change email/Alterar email/Изменить электронную почту","","","test_click_change_email_link_on_signup_page[ru]",""
"broken","Tue Dec 31 13:22:51 GMT 2024","Tue Dec 31 13:22:51 GMT 2024","0","authorization.tests","SignIn Password","5. Проверка ввода пароля для зарегистрированного в базе пользователя в поле ввода","","","test_enter_registered_password[en]",""
"broken","Tue Dec 31 13:56:17 GMT 2024","Tue Dec 31 13:56:17 GMT 2024","0","authorization.tests","SignUp Password","11. Негативные проверки валидации: Проверка ввода 2х одинаковых невалидных паролей","","","test_check_enter_two_seperate_uncorrect_password[ru-1]",""
"passed","Tue Dec 31 13:17:27 GMT 2024","Tue Dec 31 13:17:29 GMT 2024","2122","authorization.tests","SignIn Email","7. Негативные проверки для диапазона","","","en - Негативные проверки для диапазона - Длина доменного имени 64 символа",""
"broken","Tue Dec 31 13:18:59 GMT 2024","Tue Dec 31 13:18:59 GMT 2024","0","authorization.tests","SignIn Password","1. Проверка наличия заголовка Welcome / Добро пожаловать / Bem-vindo","","","test_check_welcome_title[pt]",""
"broken","Tue Dec 31 13:31:49 GMT 2024","Tue Dec 31 13:31:49 GMT 2024","0","authorization.tests","Reset Password","5. Проверка перехода по ссылке Change email/Alterar email/Изменить электронную почту","","","test_click_change_email_link_on_reset_password_page[pt]",""
"broken","Tue Dec 31 13:36:52 GMT 2024","Tue Dec 31 13:36:52 GMT 2024","0","authorization.tests","Reset Password","10. Проверка ввода 2х разных валидных паролей","","","test_check_enter_two_different_password[en]",""
"broken","Tue Dec 31 14:14:30 GMT 2024","Tue Dec 31 14:14:30 GMT 2024","0","authorization.tests","Verification Code","11. Проверка ввода некорректного кода","","","test_type_incorrect_code_and_check_error_message[ru-6-abcdef-\u0412\u0432\u043e\u0434 \u0441\u0438\u043c\u0432\u043e\u043b\u043e\u0432]",""
"broken","Tue Dec 31 13:05:15 GMT 2024","Tue Dec 31 13:05:38 GMT 2024","23751","authorization.tests","Header","4. Проверка перехода по пункту меню ""FAQ"" на раздел ""FAQ/FAQ/Perguntas frequentes"" главной страницы лендинга","","","PT  - Проверка перехода по пункту меню ""FAQ"" на раздел ""FAQ/FAQ/Perguntas frequentes"" главной страницы лендинга",""
"broken","Tue Dec 31 13:19:22 GMT 2024","Tue Dec 31 13:19:22 GMT 2024","0","authorization.tests","SignIn Password","2. Проверка наличия email, введённого ранее на странице входа","","","test_check_email_text_on_welcome_page[en]",""
"broken","Tue Dec 31 13:43:05 GMT 2024","Tue Dec 31 13:43:05 GMT 2024","0","authorization.tests","Reset Password","13. Позитивные проверки валидации - Проверка ввода 2х одинаковых валидных паролей","","","test_check_enter_two_seperate_correct_password[pt-8]",""
"passed","Tue Dec 31 13:15:07 GMT 2024","Tue Dec 31 13:15:08 GMT 2024","1106","authorization.tests","SignIn Email","5. Негативные проверки: Пустое поле","","","pt  - Негативные проверки: Пустое поле",""
"passed","Tue Dec 31 13:16:27 GMT 2024","Tue Dec 31 13:16:28 GMT 2024","1603","authorization.tests","SignIn Email","6. Негативные проверки для набора значений","","","ru - Негативные проверки для набора значений - Дефис в начале доменного имени",""
"broken","Tue Dec 31 13:58:14 GMT 2024","Tue Dec 31 13:58:14 GMT 2024","0","authorization.tests","SignUp Password","12. Позитивные проверки валидации - Проверка ввода 2х одинаковых валидных паролей","","","test_check_enter_two_seperate_correct_password[en-9]",""
"broken","Tue Dec 31 13:08:27 GMT 2024","Tue Dec 31 13:08:50 GMT 2024","22552","authorization.tests","SignIn Email","3. Позитивные проверки для набора значений","","","Проверка ввода незарегистрированного в базе email в поле ввода - Кириллица в локальном имени",""
"broken","Tue Dec 31 13:01:52 GMT 2024","Tue Dec 31 13:02:15 GMT 2024","22767","authorization.tests","Header","1. Проверка перехода по логотипу на главную страницу лендинга","","","EN  - Проверка перехода по логотипу на главную страницу лендинга",""
"broken","Tue Dec 31 13:36:06 GMT 2024","Tue Dec 31 13:36:06 GMT 2024","0","authorization.tests","Reset Password","9. Проверка на обязательность заполнения: оставить второе поле пустым","","","test_check_error_message_with_empty_repeat_password_field[ru]",""
"broken","Tue Dec 31 13:36:29 GMT 2024","Tue Dec 31 13:36:29 GMT 2024","0","authorization.tests","Reset Password","9. Проверка на обязательность заполнения: оставить второе поле пустым","","","test_check_error_message_with_empty_repeat_password_field[pt]",""
"broken","Tue Dec 31 13:41:56 GMT 2024","Tue Dec 31 13:41:56 GMT 2024","0","authorization.tests","Reset Password","13. Позитивные проверки валидации - Проверка ввода 2х одинаковых валидных паролей","","","test_check_enter_two_seperate_correct_password[en-9]",""
"passed","Tue Dec 31 13:15:30 GMT 2024","Tue Dec 31 13:15:32 GMT 2024","2103","authorization.tests","SignIn Email","6. Негативные проверки для набора значений","","","en - Негативные проверки для набора значений - Точка в начале локального имени",""
"passed","Tue Dec 31 13:15:53 GMT 2024","Tue Dec 31 13:15:55 GMT 2024","1596","authorization.tests","SignIn Email","6. Негативные проверки для набора значений","","","ru - Негативные проверки для набора значений - Отсутствие знака @",""
"passed","Tue Dec 31 13:15:39 GMT 2024","Tue Dec 31 13:15:41 GMT 2024","1564","authorization.tests","SignIn Email","6. Негативные проверки для набора значений","","","en - Негативные проверки для набора значений - Отсутствие доменного имени",""
"broken","Tue Dec 31 13:31:02 GMT 2024","Tue Dec 31 13:31:02 GMT 2024","0","authorization.tests","Reset Password","5. Проверка перехода по ссылке Change email/Alterar email/Изменить электронную почту","","","test_click_change_email_link_on_reset_password_page[en]",""
"passed","Tue Dec 31 13:18:00 GMT 2024","Tue Dec 31 13:18:02 GMT 2024","2120","authorization.tests","SignIn Email","7. Негативные проверки для диапазона","","","pt - Негативные проверки для диапазона - Длинна локального имени 66 символов",""
"broken","Tue Dec 31 14:08:18 GMT 2024","Tue Dec 31 14:08:18 GMT 2024","0","authorization.tests","Verification Code","8. Проверка наличия кнопки Verify/Проверить/Verificar при введении кода подтверждения из 6 символов","","","test_check_verify_button[en]",""
"broken","Tue Dec 31 13:09:36 GMT 2024","Tue Dec 31 13:09:58 GMT 2024","22504","authorization.tests","SignIn Email","3. Позитивные проверки для набора значений","","","Проверка ввода незарегистрированного в базе email в поле ввода - Цифры до букв в локальном имени",""
"broken","Tue Dec 31 14:05:13 GMT 2024","Tue Dec 31 14:05:13 GMT 2024","0","authorization.tests","Verification Code","5. Наличие на странице текста Resend Code / Повторная отправка кода / Reenviar código em и таймера 60 секунд","","","test_timer_60_sec[ru]",""
"broken","Tue Dec 31 14:11:25 GMT 2024","Tue Dec 31 14:11:25 GMT 2024","0","authorization.tests","Verification Code","10. Проверка ввода 1 или 5 символов в поля ввода кода верификации","","","test_check_no_button_on_the_page[ru-1-0]",""
"broken","Tue Dec 31 13:34:09 GMT 2024","Tue Dec 31 13:34:09 GMT 2024","0","authorization.tests","Reset Password","7. В первом поле Create Password / Создать пароль / Criar senha присутствует плейсхолдер","","","test_check_placeholder_in_enter_password_field[pt]",""
"passed","Tue Dec 31 13:18:09 GMT 2024","Tue Dec 31 13:18:11 GMT 2024","2108","authorization.tests","SignIn Email","7. Негативные проверки для диапазона","","","pt - Негативные проверки для диапазона - Длина доменного имени 65 символов",""
"passed","Tue Dec 31 13:16:50 GMT 2024","Tue Dec 31 13:16:52 GMT 2024","1582","authorization.tests","SignIn Email","6. Негативные проверки для набора значений","","","pt - Негативные проверки для набора значений - Отсутствие локального имени",""
"broken","Tue Dec 31 14:02:53 GMT 2024","Tue Dec 31 14:02:53 GMT 2024","0","authorization.tests","Verification Code","3. Проверка наличия ссылки Change email/Alterar email/Изменить электронную почту","","","test_check_change_email_link_on_verification_code_page[ru]",""
"broken","Tue Dec 31 13:58:37 GMT 2024","Tue Dec 31 13:58:37 GMT 2024","0","authorization.tests","SignUp Password","12. Позитивные проверки валидации - Проверка ввода 2х одинаковых валидных паролей","","","test_check_enter_two_seperate_correct_password[ru-8]",""
"broken","Tue Dec 31 13:47:23 GMT 2024","Tue Dec 31 13:47:23 GMT 2024","0","authorization.tests","SignUp Password","4. Проверка перехода по ссылке Change email/Alterar email/Изменить электронную почту","","","test_click_change_email_link_on_signup_page[en]",""
"broken","Tue Dec 31 13:13:02 GMT 2024","Tue Dec 31 13:13:24 GMT 2024","22683","authorization.tests","SignIn Email","4. Позитивные проверки для диапазона","","","Проверка ввода незарегистрированного в базе email в поле ввода - Длинна локального имени 64 символа",""
"broken","Tue Dec 31 13:35:19 GMT 2024","Tue Dec 31 13:35:19 GMT 2024","0","authorization.tests","Reset Password","8. Проверка на обязательность заполнения: оставить первое поле пустым","","","test_check_error_message_with_empty_create_password_field[pt]",""
"broken","Tue Dec 31 13:24:24 GMT 2024","Tue Dec 31 13:24:24 GMT 2024","0","authorization.tests","SignIn Password","6. Проверка ввода пароля, отличного от указанного при успешной регистрации в поле ввода","","","test_enter_unregistered_password[ru]",""
"broken","Tue Dec 31 13:20:55 GMT 2024","Tue Dec 31 13:20:55 GMT 2024","0","authorization.tests","SignIn Password","3. Проверка наличия ссылки Change email/Alterar email/Изменить электронную почту","","","test_check_change_email_link_on_welcome_page[ru]",""
"broken","Tue Dec 31 13:38:03 GMT 2024","Tue Dec 31 13:38:03 GMT 2024","0","authorization.tests","Reset Password","11. Проверка ввода 2х одинаковых валидных паролей, но в разном регистре","","","test_check_enter_two_seperate_password_in_different_register[en]",""
"passed","Tue Dec 31 13:15:34 GMT 2024","Tue Dec 31 13:15:36 GMT 2024","1593","authorization.tests","SignIn Email","6. Негативные проверки для набора значений","","","en - Негативные проверки для набора значений - Точка в конце локального имени",""
"broken","Tue Dec 31 14:05:36 GMT 2024","Tue Dec 31 14:05:36 GMT 2024","0","authorization.tests","Verification Code","5. Наличие на странице текста Resend Code / Повторная отправка кода / Reenviar código em и таймера 60 секунд","","","test_timer_60_sec[pt]",""
"broken","Tue Dec 31 14:02:30 GMT 2024","Tue Dec 31 14:02:30 GMT 2024","0","authorization.tests","Verification Code","3. Проверка наличия ссылки Change email/Alterar email/Изменить электронную почту","","","test_check_change_email_link_on_verification_code_page[en]",""
"passed","Tue Dec 31 13:14:59 GMT 2024","Tue Dec 31 13:15:00 GMT 2024","1093","authorization.tests","SignIn Email","5. Негативные проверки: Пустое поле","","","en  - Негативные проверки: Пустое поле",""
"passed","Tue Dec 31 13:17:55 GMT 2024","Tue Dec 31 13:17:56 GMT 2024","1630","authorization.tests","SignIn Email","7. Негативные проверки для диапазона","","","pt - Негативные проверки для диапазона - Длинна локального имени 65 символов",""
"broken","Tue Dec 31 13:42:19 GMT 2024","Tue Dec 31 13:42:19 GMT 2024","0","authorization.tests","Reset Password","13. Позитивные проверки валидации - Проверка ввода 2х одинаковых валидных паролей","","","test_check_enter_two_seperate_correct_password[ru-8]",""
"passed","Tue Dec 31 13:15:48 GMT 2024","Tue Dec 31 13:15:50 GMT 2024","2104","authorization.tests","SignIn Email","6. Негативные проверки для набора значений","","","en - Негативные проверки для набора значений - Дефис в конце доменного имени",""
"broken","Tue Dec 31 14:15:40 GMT 2024","Tue Dec 31 14:15:40 GMT 2024","0","authorization.tests","Verification Code","11. Проверка ввода некорректного кода","","","test_type_incorrect_code_and_check_error_message[pt-6-abcdef-\u0412\u0432\u043e\u0434 \u0441\u0438\u043c\u0432\u043e\u043b\u043e\u0432]",""
"broken","Tue Dec 31 13:46:12 GMT 2024","Tue Dec 31 13:46:12 GMT 2024","0","authorization.tests","SignUp Password","3. Проверка наличия ссылки Change email/Alterar email/Изменить электронную почту","","","test_check_change_email_link_on_signup_page[en]",""
